{
  "name": "hover-distance",
  "title": "Hover Distance",
  "description": "Show distance to a token on hover without the need to use the ruler",
  "version": "1.0",
  "author": "theripper93",
  "authors": [
      {
          "name": "theripper93",
          "email": "tsplab@gmail.com",
          "url": "https://www.patreon.com/theripper93"
      }
  ],
  "languages": [
      {
          "lang": "en",
          "name": "English",
          "path": "languages/en.json"
      }
  ],
  "scripts": [
      "./scripts/main.js",
      "./scripts/config.js",
      "./scripts/module.js"
  ],
  "styles": [
      "./styles/module.css"
  ],
  "packs": [
  ],
  "minimumCoreVersion": "9",
  "compatibleCoreVersion": "9",
  "url": "https://github.com/theripper93/name",
  "manifest": "https://github.com/theripper93/name/releases/latest/download/module.json",
  "download": "https://github.com/theripper93/name/releases/latest/download/module.zip",
  "dependencies": [
    {
        "name": "lib-wrapper"
    }
  ]
}